[
  {
    "id": "6874a44ee237afdff3374d23"
  },
  {
    "id": "6874a44ee237afdff3374d24"
  },
  {
    "id": "6874a44ee237afdff3374d25"
  },
  {
    "id": "6874a44ee237afdff3374d26"
  },
  {
    "id": "6874a44ee237afdff3374d27"
  },
  {
    "id": "6874a44ee237afdff3374d28"
  },
  {
    "id": "6874a44ee237afdff3374d29"
  },
  {
    "id": "6874a44ee237afdff3374d2a"
  },
  {
    "id": "6874a44ee237afdff3374d2b"
  },
  {
    "id": "6874a44ee237afdff3374d2c"
  },
  {
    "id": "6874a44ee237afdff3374d2d"
  },
  {
    "id": "6874a44ee237afdff3374d2e"
  },
  {
    "id": "6874a44ee237afdff3374d2f"
  },
  {
    "id": "6874a44ee237afdff3374d30"
  },
  {
    "id": "6874a44ee237afdff3374d31"
  },
  {
    "id": "6874a44ee237afdff3374d32"
  },
  {
    "id": "6874a44ee237afdff3374d33"
  },
  {
    "id": "6874a44ee237afdff3374d34"
  },
  {
    "id": "6874a44ee237afdff3374d35"
  },
  {
    "id": "6874a44ee237afdff3374d36"
  },
  {
    "id": "6874a44ee237afdff3374d37"
  },
  {
    "id": "6874a44ee237afdff3374d38"
  }
]